{
  "ext/fragment/Fragment.js": 1708664175828,
  "i18n/i18n.properties": 1708925041867,
  "ext/fragment/HeaderFragment.js": 1710391327099,
  "manifest.json": 1722406508270,
  "ext/controller/ObjectPageCon.controller.js": 1722406148096,
  "ext/controller/Headerbutton.js": 1708431247417,
  "Component.js": 1707202550495,
  "Component-preload.js": 1722406508488,
  "ext/controller/Headerbutton-dbg.js": 1708431247417,
  "ext/fragment/Fragment-dbg.js": 1708664175828,
  "ext/controller/ObjectPageCon-dbg.controller.js": 1722406148096,
  "ext/fragment/HeaderFragment-dbg.js": 1710391327099,
  "Component-dbg.js": 1707202550495,
  "ext/fragment/HeaderFragment.fragment.xml": 1709902631415,
  "ext/fragment/Fragment.fragment.xml": 1712204974839,
  "css/style.css": 1710410466673,
  "index.html": 1707202550499
}